id,name,abbreviation,other_names,description,classification,parent_id,founding_date,dissolution_date,image,url,jurisdiction_code,email,address,contact,tags,source_url
nz/a2f,Asia New Zealand Foundation,A2F,,,,,,,,http://www.asianz.org.nz,NZ,,,,,
nz/acc,Accident Compensation Corporation,ACC,,,,,,,,http://www.acc.co.nz/,NZ,,,,popular_agency,
nz/accounting-standards-review-board,Accounting Standards Review Board,,,,,,,,,http://www.asrb.co.nz/,NZ,,,,,
nz/acg-strathallan,ACG Strathallan,,,,,,,,,http://www.acgedu.com,NZ,,,,,
nz/acg-sunderland,ACG Sunderland,,,,,,,,,http://www.acgedu.com/,NZ,,,,,
nz/acil,Auckland Council Investments Limited,ACIL,,,,,,,,http://www.aucklandcouncil.govt.nz/EN/ABOUTCOUNCIL/HOWCOUNCILWORKS/CCO/Pages/council_investments.aspx,NZ,,,,,
nz/acp,Animal Control Products Limited,ACP,,,,,,,,http://www.pestoff.co.nz/,NZ,,,,,
nz/agmardt,Agricultural and Marketing Research and Development Trust,AGMARDT,,,,,,,,http://www.agmardt.org.nz/,NZ,,,,,
nz/agresearch-limited,AgResearch Limited,,,,,,,,,http://www.agresearch.co.nz/,NZ,,,,,
nz/ahb,Animal Health Board,AHB,,,,,,,,http://www.ahb.org.nz/,NZ,,,,,
nz/air,Airways Corporation of New Zealand Limited,AIR,,,,,,,,http://www.airways.co.nz/,NZ,,,,,
nz/air-new-zealand,Air New Zealand,,,,,,,,,http://www.airnewzealand.co.nz/,NZ,,,,,
nz/alac,Alcohol Advisory Council of New Zealand,ALAC,,,,,,,,http://www.alcohol.org.nz/,NZ,,,,,
nz/ambury-park-centre-for-riding-therapy,Ambury Park Centre for Riding Therapy,,,,,,,,,http://www.amburyparkcentre.org.nz/,NZ,,,,,
nz/aoraki-polytechnic,Aoraki Polytechnic,,,,,,,,,http://www.aoraki.ac.nz/,NZ,,,,,
nz/arc,Auckland Regional Council,ARC,,,,,,,,http://www.arc.govt.nz/,NZ,,,,,
nz/archives-new-zealand-te-rua-mahara-o-te-kwanatanga,Archives New Zealand Te Rua Mahara o te Kāwanatanga,,,,,,,,,http://www.archives.govt.nz,NZ,,,,,
nz/arts-council-of-new-zealand-toi-aotearoa,Arts Council of New Zealand Toi Aotearoa,,,,,,,,,http://www.creativenz.govt.nz/,NZ,,,,,
nz/ashburton-district-council,Ashburton District Council,,,,,,,,,http://www.ashburtondc.govt.nz,NZ,,,,district_council,
nz/associate-minister-for-climate-change-issues,Associate Minister for Climate Change Issues,,,,,,,,,http://www.ministers.govt.nz,NZ,,,,,
nz/associate-minister-for-primary-industries,Associate Minister for Primary Industries,,,,,,,,,http://www.ministers.govt.nz,NZ,,,,,
nz/associate-minister-of-acc,Associate Minister of ACC,,,,,,,,,http://www.ministers.govt.nz,NZ,,,,minister,
nz/associate-minister-of-canterbury-earthquake-recovery,Associate Minister of Canterbury Earthquake Recovery,,,,,,,,,http://www.ministers.govt.nz,NZ,,,,minister,
nz/associate-minister-of-commerce,Associate Minister of Commerce,,,,,,,,,http://www.ministers.govt.nz,NZ,,,,minister,
nz/associate-minister-of-conservation,Associate Minister of Conservation,,,,,,,,,http://www.ministers.govt.nz,NZ,,,,minister,
nz/associate-minister-of-corrections,Associate Minister of Corrections,,,,,,,,,http://www.ministers.govt.nz,NZ,,,,minister,
nz/associate-minister-of-education,Associate Minister of Education,,,,,,,,,http://www.ministers.govt.nz,NZ,,,,minister,
nz/associate-minister-of-finance,Associate Minister of Finance,,,,,,,,,http://www.ministers.govt.nz,NZ,,,,minister,
nz/associate-minister-of-foreign-affairs,Associate Minister of Foreign Affairs,,,,,,,,,http://www.ministers.govt.nz,NZ,,,,minister,
nz/associate-minister-of-health,Associate Minister of Health,,,,,,,,,http://www.ministers.govt.nz,NZ,,,,minister,
nz/associate-minister-of-housing,Associate Minister of Housing,,,,,,,,,http://www.ministers.govt.nz,NZ,,,,minister,
nz/associate-minister-of-immigration,Associate Minister of Immigration,,,,,,,,,http://www.ministers.govt.nz,NZ,,,,minister,
nz/associate-minister-of-justice,Associate Minister of Justice,,,,,,,,,http://www.ministers.govt.nz,NZ,,,,minister,
nz/associate-minister-of-social-development,Associate Minister of Social Development,,,,,,,,,http://www.ministers.govt.nz,NZ,,,,minister,
nz/associate-minister-of-tertiary-education-skills-and-employment,"Associate Minister of Tertiary Education, Skills and Employment",,,,,,,,,http://www.ministers.govt.nz,NZ,,,,minister,
nz/associate-minister-of-tourism,Associate Minister of Tourism,,,,,,,,,http://www.ministers.govt.nz,NZ,,,,minister,
nz/associate-minister-of-transport,Associate Minister of Transport,,,,,,,,,http://www.ministers.govt.nz,NZ,,,,minister,
nz/asurequality-limited,AsureQuality Limited,,,,,,,,,http://www.asurequality.com/,NZ,,,,,
nz/auckland-city-council,Auckland City Council,,,,,,,,,http://www.aucklandcity.govt.nz/,NZ,,,,city_council,
nz/auckland-council,Auckland Council,,,,,,,,,http://aucklandcouncil.govt.nz,NZ,,,,popular_agency city_council,
nz/auckland-district-health-board,Auckland District Health Board,,,,,,,,,http://www.adhb.govt.nz,NZ,,,,dhb,
nz/auckland-transport,Auckland Transport,,,,,,,,,http://www.aucklandtransport.govt.nz/,NZ,,,,,
nz/auckland-university-of-technology,Auckland University of Technology,,,,,,,,,http://www.aut.ac.nz,NZ,,,,university,
nz/aucklandwaikato-fish-and-game-council,Auckland/Waikato Fish and Game Council,,,,,,,,,http://www.fishandgame.org.nz/Site/Regions/Auckland/default.aspx,NZ,,,,,
nz/bay-of-plenty-district-health-board,Bay of Plenty District Health Board,,,,,,,,,http://www.bopdhb.govt.nz,NZ,,,,dhb,
nz/bay-of-plenty-polytechnic,Bay of Plenty Polytechnic,,,,,,,,,http://www.boppoly.ac.nz,NZ,,,,,
nz/bay-of-plenty-regional-council,Bay of Plenty Regional Council,,,,,,,,,http://www.envbop.govt.nz,NZ,,,,,
nz/broadcasting-commission,Broadcasting Commission,,,,,,,,,http://www.nzonair.govt.nz,NZ,,,,,
nz/bsa,Broadcasting Standards Authority,BSA,,,,,,,,http://www.bsa.govt.nz/,NZ,,,,,
nz/buller-district-council,Buller District Council,,,,,,,,,http://www.bullerdc.govt.nz,NZ,,,,district_council,
nz/caa,Civil Aviation Authority of New Zealand,CAA,,,,,,,,http://www.caa.govt.nz,NZ,,,,,
nz/cafe,Christchurch Agency for Energy,CAFE,,,,,,,,http://www.cafe.gen.nz,NZ,,,,,
nz/canterbury-district-health-board,Canterbury District Health Board,,,,,,,,,http://www.cdhb.govt.nz,NZ,,,,dhb,
nz/canterbury-earthquake-heritage-building-fund-trust,Canterbury Earthquake Heritage Building Fund Trust,,,,,,,,,http://www.ccc.govt.nz,NZ,,,,,
nz/career-services,Career Services,,,,,,,,,http://www.careers.govt.nz,NZ,,,,,
nz/ccc,Christchurch City Council,CCC,,,,,,,,http://www.ccc.govt.nz/,NZ,,,,city_council,
nz/ccdhb,Capital and Coast District Health Board,CCDHB,,,,,,,,http://www.ccdhb.org.nz,NZ,,,,dhb,
nz/cdc,Carterton District Council,CDC,,,,,,,,http://www.cartertondc.co.nz/,NZ,,,,district_council,
nz/central-hawkes-bay-district-council,Central Hawke's Bay District Council,,,,,,,,,http://www.chbdc.govt.nz/,NZ,,,,district_council,
nz/central-otago-district-council,Central Otago District Council,,,,,,,,,http://www.codc.govt.nz,NZ,,,,district_council,
nz/central-plains-water-trust,Central Plains Water Trust,,,,,,,,,http://www.xtra.co.nz,NZ,,,,,
nz/central-south-island-fish-and-game-council,Central South Island Fish and Game Council,,,,,,,,,http://www.fishandgame.org.nz/Site/Regions/CSI/default.aspx,NZ,,,,,
nz/cera,Canterbury Earthquake Recovery Authority,CERA,,,,,,,,http://www.cera.govt.nz/,NZ,,,,,
nz/charities-commission,Charities Commission,,,,,,,,,http://www.charities.govt.nz/,NZ,,,,,
nz/chatham-islands-council,Chatham Islands Council,,,,,,,,,http://www.cic.govt.nz,NZ,,,,,
nz/chfa,Crown Health Financing Agency,CHFA,,,,,,,,http://www.rhmu.govt.nz,NZ,,,,,
nz/christchurch-city-holdings-ltd,Christchurch City Holdings Ltd,,,,,,,,,http://www.cchl.co.nz,NZ,,,,,
nz/christchurch-international-airport,Christchurch International Airport,,,,,,,,,http://www.cial.co.nz,NZ,,,,,
nz/christchurch-polytechnic-institute-of-technology,Christchurch Polytechnic Institute of Technology,,,,,,,,,http://www.cpit.ac.nz,NZ,,,,,
nz/city-care-ltd,City Care Ltd,,,,,,,,,http://www.citycare.co.nz,NZ,,,,,
nz/civic-building-ltd,Civic Building Ltd,,,,,,,,,http://www.ccc.govt.nz,NZ,,,,,
nz/clutha-district-council,Clutha District Council,,,,,,,,,http://www.cluthadc.govt.nz,NZ,,,,district_council,
nz/commerce-commission,Commerce Commission,,,,,,,,,http://www.comcom.govt.nz,NZ,,,,,
nz/counties-manukau-district-health-board,Counties Manukau District Health Board,,,,,,,,,http://www.cmdhb.org.nz,NZ,,,,dhb,
nz/crown-asset-management-limited,Crown Asset Management Limited,,,,,,,,,,NZ,,,,,
nz/crown-entity-subsidiaries,Crown entity subsidiaries,,,,,,,,,,NZ,,,,,
nz/crown-law-office,Crown Law Office,,,,,,,,,http://www.crownlaw.govt.nz,NZ,,,,,
nz/department-of-building-and-housing,Department of Building and Housing,,,,,,,,,http://www.dbh.govt.nz,NZ,,,,ministry,
nz/department-of-corrections,Department of Corrections,,,,,,,,,http://www.corrections.govt.nz,NZ,,,,ministry,
nz/deputy-leader-of-the-house,Deputy Leader of the House,,,,,,,,,http://www.ministers.govt.nz,NZ,,,,,
nz/deputy-prime-minister,Deputy Prime Minister,,,,,,,,,http://www.ministers.govt.nz,NZ,,,,,
nz/dia,Department of Internal Affairs,DIA,,,,,,,,http://www.dia.govt.nz/,NZ,,,,ministry,
nz/doc,Department of Conservation,DOC,,,,,,,,http://www.doc.govt.nz/,NZ,,,,ministry,
nz/dol,Department of Labour,DoL,,,,,,,,http://www.dol.govt.nz,NZ,,,,popular_agency ministry,
nz/dpmc,Department of the Prime Minister and Cabinet,DPMC,,,,,,,,http://www.dpmc.govt.nz,NZ,,,,ministry,
nz/dunedin-city-council,Dunedin City Council,,,,,,,,,http://www.dunedin.govt.nz/,NZ,,,,city_council,
nz/eastern-fish-and-game-council,Eastern Fish and Game Council,,,,,,,,,http://www.fishandgame.org.nz/Site/Regions/Eastern_HawkesBay/default.aspx,NZ,,,,,
nz/ecan,Canterbury Regional Council,ECAN,,,,,,,,http://www.ecan.govt.nz/,NZ,,,,,
nz/ecnz,Electricity Corporation of New Zealand Limited,ECNZ,,,,,,,,http://www.ccmau.govt.nz/ecnz.html,NZ,,,,,
nz/eco-central-ltd,Eco Central Ltd,,,,,,,,,http://www.ecocentral.co.nz,NZ,,,,,
nz/eeca,Energy Efficiency and Conservation Authority,EECA,,,,,,,,http://www.eeca.govt.nz,NZ,,,,,
nz/eit,Eastern Institute of Technology,EIT,,,,,,,,http://www.eit.ac.nz,NZ,,,,,
nz/electoral-commission,Electoral Commission,,,,,,,,,http://www.elections.org.nz/,NZ,,,,,
nz/electricity-commission,Electricity Commission,,,,,,,,,http://www.electricitycommission.govt.nz,NZ,,,,,
nz/enable-networks-ltd,Enable Networks Ltd,,,,,,,,,http://www.enable.net.nz,NZ,,,,,
nz/epa,Environmental Protection Authority,EPA,,,,,,,,http://www.epa.govt.nz/,NZ,,,,,
nz/eqc,Earthquake Commission,EQC,,,,,,,,http://www.eqc.govt.nz/,NZ,,,,,
nz/ero,Education Review Office,ERO,,,,,,,,http://www.ero.govt.nz,NZ,,,,,
nz/esr,Institute of Environmental Science and Research Limited,ESR,,,,,,,,http://www.esr.cri.nz/,NZ,,,,,
nz/families-commission,Families Commission,,,,,,,,,http://www.nzfamilies.org.nz,NZ,,,,,
nz/far-north-district-council,Far North District Council,,,,,,,,,http://www.fndc.govt.nz/,NZ,,,,district_council,
nz/franklin-district-council,Franklin District Council,,,,,,,,,http://www.franklindistrict.co.nz,NZ,,,,district_council,
nz/fricri,New Zealand Forest Research Institute Limited,FRICRI,,,,,,,,http://www.scionresearch.com/,NZ,,,,,
nz/frst,"Foundation for Research, Science, and Technology",FRST,,,,,,,,http://www.frst.govt.nz,NZ,,,,,
nz/gardens-event-trust,Gardens Event Trust,,,,,,,,,http://www.xtra.co.nz,NZ,,,,,
nz/gcsb,Government Communications Security Bureau,GCSB,,,,,,,,http://www.gcsb.govt.nz/,NZ,,,,,
nz/gdc,Gisborne District Council,GDC,,,,,,,,http://www.gdc.govt.nz,NZ,,,,district_council,
nz/genesis-power-limited,Genesis Power Limited,,,,,,,,,http://www.genesisenergy.co.nz/,NZ,,,,,
nz/gore-district-council,Gore District Council,,,,,,,,,http://www.goredc.govt.nz,NZ,,,,district_council,
nz/grey-district-council,Grey District Council,,,,,,,,,http://www.greydc.govt.nz,NZ,,,,district_council,
nz/gsfnz,Government Superannuation Fund Authority,GSFNZ,,,,,,,,http://www.gsfa.govt.nz,NZ,,,,,
nz/guardians-of-new-zealand-superannuation,Guardians of New Zealand Superannuation,,,,,,,,,http://www.nzsuperfund.co.nz,NZ,,,,,
nz/hamilton-city-council,Hamilton City Council,,,,,,,,,http://www.hamilton.co.nz/,NZ,,,,city_council,
nz/hastings-district-council,Hastings District Council,,,,,,,,,http://www.hastingsdc.govt.nz/,NZ,,,,district_council,
nz/hatea-a-rangi,Hatea-A-Rangi,,,,,,,,,,NZ,,,,,
nz/hauraki-district-council,Hauraki District Council,,,,,,,,,http://www.hauraki-dc.govt.nz,NZ,,,,district_council,
nz/hawkes-bay-district-health-board,Hawke's Bay District Health Board,,,,,,,,,http://www.hawkesbaydhb.govt.nz,NZ,,,,dhb,
nz/hawkes-bay-fish-and-game-council,Hawke's Bay Fish and Game Council,,,,,,,,,http://www.fishandgame.org.nz/Site/Regions/HawkesBay/default.aspx,NZ,,,,,
nz/hawkes-bay-regional-council,Hawke's Bay Regional Council,,,,,,,,,http://www.hbrc.govt.nz,NZ,,,,,
nz/health-and-disability-commissioner,Health and Disability Commissioner,,,,,,,,,http://www.hdc.org.nz/,NZ,,,,,
nz/health-sponsorship-council,Health Sponsorship Council,,,,,,,,,http://www.hsc.org.nz,NZ,,,,,
nz/hnzc,Housing New Zealand Corporation,HNZC,,,,,,,,http://www.hnzc.co.nz/,NZ,,,,,
nz/hon-amy-adams,Hon Amy Adams,,,,,,,,,http://www.ministers.govt.nz,NZ,,,,,
nz/hon-anne-tolley,Hon Anne Tolley,,,,,,,,,http://www.ministers.govt.nz,NZ,,,,,
nz/hon-bill-english,Hon Bill English,,,,,,,,,http://www.ministers.govt.nz,NZ,,,,,
nz/hon-chris-finlayson,Hon Chris Finlayson,,,,,,,,,http://www.ministers.govt.nz,NZ,,,,,
nz/hon-chris-tremain,Hon Chris Tremain,,,,,,,,,http://www.ministers.govt.nz,NZ,,,,,
nz/hon-craig-foss,Hon Craig Foss,,,,,,,,,http://www.ministers.govt.nz,NZ,,,,,
nz/hon-david-carter,Hon David Carter,,,,,,,,,http://www.ministers.govt.nz,NZ,,,,,
nz/hon-dr-jonathan-coleman,Hon Dr Jonathan Coleman,,,,,,,,,http://www.ministers.govt.nz,NZ,,,,,
nz/hon-dr-pita-sharples,Hon Dr Pita Sharples,,,,,,,,,http://www.ministers.govt.nz,NZ,,,,,
nz/hon-gerry-brownlee,Hon Gerry Brownlee,,,,,,,,,http://www.ministers.govt.nz,NZ,,,,,
nz/hon-hekia-parata,Hon Hekia Parata,,,,,,,,,http://www.ministers.govt.nz,NZ,,,,,
nz/hon-jo-goodhew,Hon Jo Goodhew,,,,,,,,,http://www.ministers.govt.nz,NZ,,,,,
nz/hon-john-banks,Hon John Banks,,,,,,,,,http://www.ministers.govt.nz,NZ,,,,,
nz/hon-john-key,Hon John Key,,,,,,,,,http://www.ministers.govt.nz,NZ,,,,,
nz/hon-kate-wilkinson,Hon Kate Wilkinson,,,,,,,,,http://www.ministers.govt.nz,NZ,,,,,
nz/hon-maurice-williamson,Hon Maurice Williamson,,,,,,,,,http://www.ministers.govt.nz,NZ,,,,,
nz/hon-murray-mccully,Hon Murray McCully,,,,,,,,,http://www.ministers.govt.nz,NZ,,,,,
nz/hon-nathan-guy,Hon Nathan Guy,,,,,,,,,http://www.ministers.govt.nz,NZ,,,,,
nz/hon-paula-bennett,Hon Paula Bennett,,,,,,,,,http://www.ministers.govt.nz,NZ,,,,,
nz/hon-peter-dunne,Hon Peter Dunne,,,,,,,,,http://www.ministers.govt.nz,NZ,,,,,
nz/hon-phil-heatley,Hon Phil Heatley,,,,,,,,,http://www.ministers.govt.nz,NZ,,,,,
nz/hon-simon-bridges,Hon Simon Bridges,,,,,,,,,http://www.ministers.govt.nz,NZ,,,,,
nz/hon-steven-joyce,Hon Steven Joyce,,,,,,,,,http://www.ministers.govt.nz,NZ,,,,,
nz/hon-tariana-turia,Hon Tariana Turia,,,,,,,,,http://www.ministers.govt.nz,NZ,,,,,
nz/hon-tim-groser,Hon Tim Groser,,,,,,,,,http://www.ministers.govt.nz,NZ,,,,,
nz/hon-tony-ryall,Hon Tony Ryall,,,,,,,,,http://www.parliament.govt.nz,NZ,,,,,
nz/horowhenua-district-council,Horowhenua District Council,,,,,,,,,http://www.horowhenua.govt.nz,NZ,,,,district_council,
nz/hrc,Health Research Council of New Zealand,HRC,,,,,,,,http://www.hrc.govt.nz/,NZ,,,,,
nz/human-rights-commission,Human Rights Commission,,,,,,,,,http://www.hrc.co.nz/,NZ,,,,,
nz/hurunui-district-council,Hurunui District Council,,,,,,,,,http://www.hurunui.govt.nz/,NZ,,,,district_council,
nz/hutt-city-council,Hutt City Council,,,,,,,,,http://www.huttcity.govt.nz/,NZ,,,,city_council,
nz/hutt-district-health-board,Hutt District Health Board,,,,,,,,,http://www.huttvalleydhb.org.nz,NZ,,,,dhb,
nz/institute-of-geological-and-nuclear-sciences-limited,Institute of Geological and Nuclear Sciences Limited,,,,,,,,,http://www.gns.cri.nz,NZ,,,,,
nz/internal-admin-authority,Internal admin authority,,,,,,,,,http://www.gmail.com,NZ,,,,,
nz/invercargill-city-council,Invercargill City Council,,,,,,,,,http://www.icc.govt.nz/,NZ,,,,city_council,
nz/ipca,Independent Police Conduct Authority,IPCA,,,,,,,,http://www.ipca.govt.nz/,NZ,,,,,
nz/ird,Inland Revenue Department,IRD,,,,,,,,http://www.ird.govt.nz,NZ,,,,ministry,
nz/irl,Industrial Research Limited,IRL,,,,,,,,http://www.irl.cri.nz/,NZ,,,,,
nz/judith-collins,Judith Collins,,,,,,,,,http://www.ministers.govt.nz,NZ,,,,,
nz/kaikoura-district-council,Kaikoura District Council,,,,,,,,,http://www.kaikoura.govt.nz,NZ,,,,district_council,
nz/kaipara-district-council,Kaipara District Council,,,,,,,,,http://www.kaipara.govt.nz/,NZ,,,,district_council,
nz/kapiti-coast-district-council,Kapiti Coast District Council,,,,,,,,,http://www.kapiticoast.govt.nz/,NZ,,,,district_council,
nz/kawerau-district-council,Kawerau District Council,,,,,,,,,http://www.kaweraudc.govt.nz,NZ,,,,district_council,
nz/kordia-group-limited,Kordia Group Limited,,,,,,,,,http://www.kordiasolutions.com/,NZ,,,,,
nz/lakes-district-health-board,Lakes District Health Board,,,,,,,,,http://www.lakesdhb.govt.nz,NZ,,,,dhb,
nz/landcare-research-new-zealand-limited,Landcare Research New Zealand Limited,,,,,,,,,http://www.landcareresearch.co.nz,NZ,,,,,
nz/landcorp-farming-limited,Landcorp Farming Limited,,,,,,,,,http://www.landcorp.co.nz,NZ,,,,,
nz/law-commission,Law Commission,,,,,,,,,http://www.lawcom.govt.nz,NZ,,,,,
nz/ldc,Leadership Development Centre,LDC,,,,,,,,http://www.ldc.govt.nz,NZ,,,,,
nz/leader-of-the-house,Leader of the House,,,,,,,,,http://www.ministers.govt.nz,NZ,,,,,
nz/learning-media-limited,Learning Media Limited,,,,,,,,,http://www.learningmedia.co.nz,NZ,,,,,
nz/lincoln-university,Lincoln University,,,,,,,,,http://www.lincoln.ac.nz,NZ,,,,university,
nz/linz,Land Information New Zealand,LINZ,,,,,,,,http://www.linz.govt.nz,NZ,,,,,
nz/living-way-learning-centre,Living Way Learning Centre,,,,,,,,,http://www.livingway.co.nz,NZ,,,,,
nz/lsa,Legal Services Agency,LSA,,,,,,,,http://www.lsa.govt.nz,NZ,,,,,
nz/mackenzie-district-council,MacKenzie District Council,,,,,,,,,http://www.mackenzie.govt.nz,NZ,,,,district_council,
nz/mana-tamariki,Mana Tamariki,,,,,,,,,http://www.k09e055.kohanga.ac.nz,NZ,,,,,
nz/manawatu-district-council,Manawatu District Council,,,,,,,,,http://www.mdc.govt.nz/,NZ,,,,district_council,
nz/manawatu-wanganui-regional-council,Manawatu-Wanganui Regional Council,,,,,,,,,http://www.horizons.govt.nz,NZ,,,,,
nz/manukau-city-council,Manukau City Council,,,,,,,,,http://www.manukau.govt.nz,NZ,,,,city_council,
nz/maritime-new-zealand,Maritime New Zealand,,,,,,,,,http://www.maritimenz.govt.nz/,NZ,,,,,
nz/marlborough-district-council,Marlborough District Council,,,,,,,,,http://www.marlborough.govt.nz,NZ,,,,district_council,
nz/massey-university,Massey University,,,,,,,,,http://palmerstonnorth.massey.ac.nz,NZ,,,,university,
nz/masterton-district-council,Masterton District Council,,,,,,,,,http://www.mstn.govt.nz,NZ,,,,district_council,
nz/matamata-piako-district-council,Matamata-Piako District Council,,,,,,,,,http://www.mpdc.govt.nz/,NZ,,,,district_council,
nz/mbie,"Ministry of Business, Innovation & Employment",MBIE,,,,,,,,http://www.mbie.govt.nz/,NZ,,,,ministry,
nz/med,Ministry of Economic Development,MED,,,,,,,,http://www.med.govt.nz,NZ,,,,ministry,
nz/mental-health-commission,Mental Health Commission,,,,,,,,,http://www.mhc.govt.nz,NZ,,,,defunct,
nz/meridian-energy-limited,Meridian Energy Limited,,,,,,,,,http://www.meridianenergy.co.nz,NZ,,,,,
nz/meteorological-service-of-new-zealand-limited,Meteorological Service of New Zealand Limited,,,,,,,,,http://www.metservice.co.nz/,NZ,,,,,
nz/mfat,Ministry of Foreign Affairs and Trade,MFAT,,,,,,,,http://www.mfat.govt.nz,NZ,,,,ministry,
nz/mfe,Ministry for the Environment,MFE,,,,,,,,http://www.mfe.govt.nz/,NZ,,,,ministry,
nz/mfish,Ministry of Fisheries,MFish,,,,,,,,http://www.fish.govt.nz/,NZ,,,,defunct ministry,
nz/midcentral-district-health-board,MidCentral District Health Board,,,,,,,,,http://www.midcentraldhb.govt.nz/,NZ,,,,dhb,
nz/mighty-river-power-limited,Mighty River Power Limited,,,,,,,,,http://www.mightyriverpower.co.nz/,NZ,,,,,
nz/mindalive,MindAlive,,,,,,,,,,NZ,,,,,
nz/minister-for-acc,Minister for ACC,,,,,,,,,http://www.ministers.govt.nz,NZ,,,,,
nz/minister-for-climate-change-issues,Minister for Climate Change Issues,,,,,,,,,http://www.ministers.govt.nz,NZ,,,,,
nz/minister-for-consumer-affairs,Minister for Consumer Affairs,,,,,,,,,http://www.ministers.govt.nz,NZ,,,,,
nz/minister-for-economic-development,Minister for Economic Development,,,,,,,,,http://www.ministers.govt.nz,NZ,,,,,
nz/minister-for-primary-industries,Minister for Primary Industries,,,,,,,,,http://www.ministers.govt.nz,NZ,,,,,
nz/minister-for-senior-citizens,Minister for Senior Citizens,,,,,,,,,http://www.ministers.govt.nz,NZ,,,,,
nz/minister-for-sports-and-recreation,Minister for Sports and Recreation,,,,,,,,,http://www.ministers.govt.nz,NZ,,,,,
nz/minister-for-tertiary-education-skills-and-employment,"Minister for Tertiary Education, Skills and Employment",,,,,,,,,http://www.ministers.govt.nz,NZ,,,,,
nz/minister-for-the-budget,Minister for the Budget,,,,,,,,,http://www.ministers.govt.nz,NZ,,,,,
nz/minister-for-the-community-and-voluntary-sector,Minister for the Community and Voluntary Sector,,,,,,,,,http://www.ministers.govt.nz,NZ,,,,,
nz/minister-for-the-courts,Minister for the Courts,,,,,,,,,http://www.ministers.govt.nz,NZ,,,,,
nz/minister-for-the-environment,Minister for the Environment,,,,,,,,,http://www.ministers.govt.nz,NZ,,,,,
nz/minister-for-tourism,Minister for Tourism,,,,,,,,,http://www.ministers.govt.nz,NZ,,,,,
nz/minister-for-veterans-affairs,Minister for Veterans' Affairs,,,,,,,,,http://www.ministers.govt.nz,NZ,,,,,
nz/minister-for-whnau-ora,Minister for Wh?nau Ora,,,,,,,,,http://www.ministers.govt.nz,NZ,,,,,
nz/minister-of-acc,Minister of ACC,,,,,,,,,http://www.ministers.govt.nz,NZ,,,,minister,
nz/minister-of-arts-culture-and-heritage,"Minister of Arts, Culture, and Heritage",,,,,,,,,http://www.ministers.govt.nz,NZ,,,,minister,
nz/minister-of-broadcasting,Minister of Broadcasting,,,,,,,,,http://www.ministers.govt.nz,NZ,,,,minister,
nz/minister-of-building-and-construction,Minister of Building and Construction,,,,,,,,,http://www.ministers.govt.nz,NZ,,,,minister,
nz/minister-of-civil-defence,Minister of Civil Defence,,,,,,,,,http://www.ministers.govt.nz,NZ,,,,minister,
nz/minister-of-commerce,Minister of Commerce,,,,,,,,,http://www.ministers.govt.nz,NZ,,,,minister,
nz/minister-of-communications-and-information-technology,Minister of Communications and Information Technology,,,,,,,,,http://www.ministers.govt.nz,NZ,,,,minister,
nz/minister-of-conservation,Minister of Conservation,,,,,,,,,http://www.ministers.govt.nz,NZ,,,,minister,
nz/minister-of-corrections,Minister of Corrections,,,,,,,,,http://www.ministers.govt.nz,NZ,,,,minister,
nz/minister-of-customs,Minister of Customs,,,,,,,,,http://www.ministers.govt.nz,NZ,,,,minister,
nz/minister-of-defence,Minister of Defence,,,,,,,,,http://www.ministers.govt.nz,NZ,,,,minister,
nz/minister-of-disability-issues,Minister of Disability Issues,,,,,,,,,http://www.ministers.govt.nz,NZ,,,,minister,
nz/minister-of-education,Minister of Education,,,,,,,,,http://www.ministers.govt.nz,NZ,,,,minister,
nz/minister-of-energy-and-resources,Minister of Energy and Resources,,,,,,,,,http://www.ministers.govt.nz,NZ,,,,minister,
nz/minister-of-ethnic-affairs,Minister of Ethnic Affairs,,,,,,,,,http://www.ministers.govt.nz,NZ,,,,minister,
nz/minister-of-finance,Minister of Finance,,,,,,,,,http://www.ministers.govt.nz,NZ,,,,minister,
nz/minister-of-food-safety,Minister of Food Safety,,,,,,,,,http://www.ministers.govt.nz,NZ,,,,defunct minister,
nz/minister-of-foreign-affairs,Minister of Foreign Affairs,,,,,,,,,http://www.ministers.govt.nz,NZ,,,,minister,
nz/minister-of-health,Minister of Health,,,,,,,,,http://www.parliament.govt.nz,NZ,,,,minister,
nz/minister-of-housing,Minister of Housing,,,,,,,,,http://www.ministers.govt.nz,NZ,,,,minister,
nz/minister-of-immigration,Minister of Immigration,,,,,,,,,http://www.ministers.govt.nz,NZ,,,,minister,
nz/minister-of-internal-affairs,Minister of Internal Affairs,,,,,,,,,http://www.ministers.govt.nz,NZ,,,,minister,
nz/minister-of-justice,Minister of Justice,,,,,,,,,http://www.ministers.govt.nz,NZ,,,,minister,
nz/minister-of-labour,Minister of Labour,,,,,,,,,http://www.ministers.govt.nz,NZ,,,,minister,
nz/minister-of-land-information,Minister of Land Information,,,,,,,,,http://www.ministers.govt.nz,NZ,,,,minister,
nz/minister-of-local-government,Minister of Local Government,,,,,,,,,http://www.ministers.govt.nz,NZ,,,,minister,
nz/minister-of-mori-affairs,Minister of M?ori Affairs,,,,,,,,,http://www.ministers.govt.nz,NZ,,,,minister,
nz/minister-of-pacific-island-affairs,Minister of Pacific Island Affairs,,,,,,,,,http://www.ministers.govt.nz,NZ,,,,minister,
nz/minister-of-police,Minister of Police,,,,,,,,,http://www.ministers.govt.nz,NZ,,,,minister,
nz/minister-of-racing,Minister of Racing,,,,,,,,,http://www.ministers.govt.nz,NZ,,,,minister,
nz/minister-of-regulatory-reform,Minister of Regulatory Reform,,,,,,,,,http://www.ministers.govt.nz,NZ,,,,minister,
nz/minister-of-revenue,Minister of Revenue,,,,,,,,,http://www.ministers.govt.nz,NZ,,,,minister,
nz/minister-of-science-and-innovation,Minister of Science and Innovation,,,,,,,,,http://www.ministers.govt.nz,NZ,,,,minister,
nz/minister-of-small-business,Minister of Small Business,,,,,,,,,http://www.ministers.govt.nz,NZ,,,,minister,
nz/minister-of-social-development,Minister of Social Development,,,,,,,,,http://www.ministers.govt.nz,NZ,,,,minister,
nz/minister-of-state-owned-enterprises,Minister of State Owned Enterprises,,,,,,,,,http://www.parliament.govt.nz,NZ,,,,minister,
nz/minister-of-state-services,Minister of State Services,,,,,,,,,http://www.ministers.govt.nz,NZ,,,,minister,
nz/minister-of-statistics,Minister of Statistics,,,,,,,,,http://www.ministers.govt.nz,NZ,,,,minister,
nz/minister-of-trade,Minister of Trade,,,,,,,,,http://www.ministers.govt.nz,NZ,,,,minister,
nz/minister-of-transport,Minister of Transport,,,,,,,,,http://www.ministers.govt.nz,NZ,,,,minister,
nz/minister-of-treaty-negotiations,Minister of Treaty Negotiations,,,,,,,,,http://www.ministers.govt.nz,NZ,,,,minister,
nz/minister-of-womens-affairs,Minister of Women's Affairs,,,,,,,,,http://www.ministers.govt.nz,NZ,,,,minister,
nz/minister-of-youth-affairs,Minister of Youth Affairs,,,,,,,,,http://www.ministers.govt.nz,NZ,,,,minister,
nz/minister-responsible-for-canterbury-earthquake-recovery,Minister Responsible For Canterbury Earthquake Recovery,,,,,,,,,http://www.ministers.govt.nz,NZ,,,,,
nz/minister-responsible-for-earthquake-commission,Minister Responsible for Earthquake Commission,,,,,,,,,http://www.ministers.govt.nz,NZ,,,,,
nz/minister-responsible-for-ministeral-services,Minister Responsible for Ministeral Services,,,,,,,,,http://www.ministers.govt.nz,NZ,,,,,
nz/minister-responsible-for-novopay,Minister Responsible for Novopay,,,,,,,,,http://www.ministers.govt.nz,NZ,,,,,
nz/minister-responsible-for-the-gcsb,Minister Responsible for the GCSB,,,,,,,,,http://www.ministers.govt.nz,NZ,,,,,
nz/minister-responsible-for-the-new-zealand-security-services-sis,Minister Responsible for the New Zealand Security Services (SIS),,,,,,,,,http://www.ministers.govt.nz,NZ,,,,,
nz/ministry-for-culture-and-heritage,Ministry for Culture and Heritage,,,,,,,,,http://www.mch.govt.nz,NZ,,,,ministry,
nz/ministry-of-defence,Ministry of Defence,,,,,,,,,http://www.defence.govt.nz,NZ,,,,ministry,
nz/ministry-of-education,Ministry of Education,,,,,,,,,http://www.minedu.govt.nz,NZ,,,,ministry,
nz/ministry-of-justice,Ministry of Justice,,,,,,,,,http://www.justice.govt.nz,NZ,,,,ministry,
nz/mit,Manukau Institute of Technology,MIT,,,,,,,,http://www.manukau.ac.nz,NZ,,,,,
nz/moh,Ministry of Health,MOH,,,,,,,,http://www.moh.govt.nz,NZ,,,,ministry,
nz/morst,"Ministry of Research, Science, and Technology",MoRST,,,,,,,,http://www.morst.govt.nz,NZ,,,,ministry,
nz/mot,Ministry of Transport,MOT,,,,,,,,http://www.transport.govt.nz,NZ,,,,popular_agency ministry,
nz/mpi,Ministry for Primary Industries,MPI,,,,,,,,http://www.mpi.govt.nz,NZ,,,,ministry,
nz/mpia,Ministry of Pacific Island Affairs,MPIA,,,,,,,,http://www.minpac.govt.nz/,NZ,,,,ministry,
nz/msd,Ministry of Social Development,MSD,,,,,,,,http://www.msd.govt.nz,NZ,,,,popular_agency ministry,
nz/murihiku-young-parents-learning-centre,Murihiku Young Parents Learning Centre,,,,,,,,,,NZ,,,,,
nz/museum-of-new-zealand-te-papa-tongarewa-board,Museum of New Zealand Te Papa Tongarewa Board,,,,,,,,,http://www.tepapa.govt.nz,NZ,,,,,
nz/mwa,Ministry of Women's Affairs,MWA,,,,,,,,http://www.mwa.govt.nz,NZ,,,,ministry,
nz/napier-city-council,Napier City Council,,,,,,,,,http://www.napier.govt.nz,NZ,,,,city_council,
nz/nelson-city-council,Nelson City Council,,,,,,,,,http://www.nelsoncitycouncil.co.nz,NZ,,,,city_council,
nz/nelson-marlborough-district-health-board,Nelson Marlborough District Health Board,,,,,,,,,http://www.nmdhb.govt.nz,NZ,,,,dhb,
nz/nelson-marlborough-fish-and-game-council,Nelson Marlborough Fish and Game Council,,,,,,,,,http://www.fishandgame.org.nz/Site/Regions/NelsonMarlborough/default.aspx,NZ,,,,,
nz/nelson-marlborough-institute-of-technology,Nelson Marlborough Institute of Technology,,,,,,,,,http://www.nmit.ac.nz,NZ,,,,,
nz/new-plymouth-district-council,New Plymouth District Council,,,,,,,,,http://www.newplymouthnz.com,NZ,,,,district_council,
nz/new-zealand-antarctic-institute,New Zealand Antarctic Institute,,,,,,,,,http://www.antarcticanz.govt.nz,NZ,,,,,
nz/new-zealand-blood-service,New Zealand Blood Service,,,,,,,,,http://www.nzblood.co.nz/,NZ,,,,,
nz/new-zealand-fire-service-commission,New Zealand Fire Service Commission,,,,,,,,,http://www.fire.org.nz,NZ,,,,,
nz/new-zealand-fish-and-game-council,New Zealand Fish and Game Council,,,,,,,,,http://www.fishandgame.org.nz,NZ,,,,,
nz/new-zealand-gambling-commission,New Zealand Gambling Commission,,,,,,,,,http://www.gamblingcommission.govt.nz/,NZ,,,,,
nz/new-zealand-game-bird-habitat-trust-board,New Zealand Game Bird Habitat Trust Board,,,,,,,,,http://www.fishandgame.org.nz/Site/HuntingNZ/Huntinggamebirdstamp.aspx,NZ,,,,,
nz/new-zealand-government-property-corporation,New Zealand Government Property Corporation,,,,,,,,,,NZ,,,,,
nz/new-zealand-lotteries-commission,New Zealand Lotteries Commission,,,,,,,,,http://www.nzlotteries.co.nz,NZ,,,,,
nz/new-zealand-lottery-grants-board,New Zealand Lottery Grants Board,,,,,,,,,http://www.dia.govt.nz/diawebsite.nsf/wpg_URL/Services-Lottery-Grants-Index?OpenDocument,NZ,,,,,
nz/new-zealand-parole-board,New Zealand Parole Board,,,,,,,,,http://www.paroleboard.govt.nz,NZ,,,,,
nz/new-zealand-police,New Zealand Police,,,,,,,,,http://www.police.govt.nz,NZ,,,,popular_agency,
nz/new-zealand-post-limited,New Zealand Post Limited,,,,,,,,,http://www.nzpost.co.nz,NZ,,,,,
nz/new-zealand-railways-corporation,New Zealand Railways Corporation,,,,,,,,,http://www.ontrack.govt.nz,NZ,,,,,
nz/new-zealand-teachers-council,New Zealand Teachers Council,,,,,,,,,http://www.teacherscouncil.govt.nz/,NZ,,,,,
nz/new-zealand-tourism-board,New Zealand Tourism Board,,,,,,,,,http://www.tourisminfo.govt.nz/,NZ,,,,,
nz/new-zealand-walking-access-commission,New Zealand Walking Access Commission,,,,,,,,,http://www.walkingaccess.govt.nz/,NZ,,,,,
nz/ngai-tahu-ancillary-claims-trust,Ngai Tahu Ancillary Claims Trust,,,,,,,,,http://www.ngaitahu.iwi.nz,NZ,,,,,
nz/nga-kakano-christian-reo-rua-kura,Nga Kakano Christian Reo Rua Kura,,,,,,,,,http://www.maxnet.co.nz,NZ,,,,,
nz/nga-purapura-o-te-aroha,Nga Purapura o te Aroha,,,,,,,,,,NZ,,,,,
nz/niwa,National Institute of Water and Atmospheric Research Limited,NIWA,,,,,,,,http://www.niwa.co.nz,NZ,,,,,
nz/nlnz,National Library of New Zealand Te Puna Mātauranga o Aotearoa,NLNZ,,,,,,,,http://www.natlib.govt.nz,NZ,,,,,
nz/north-canterbury-fish-and-game-council,North Canterbury Fish and Game Council,,,,,,,,,http://www.fishandgame.org.nz/Site/Regions/NorthCanterbury/default.aspx,NZ,,,,,
nz/northland-district-health-board,Northland District Health Board,,,,,,,,,http://www.northlanddhb.org.nz/,NZ,,,,dhb,
nz/northland-fish-and-game-council,Northland Fish and Game Council,,,,,,,,,http://www.fishandgame.org.nz/Site/Regions/Northland/default.aspx,NZ,,,,,
nz/northland-regional-council,Northland Regional Council,,,,,,,,,http://www.nrc.govt.nz,NZ,,,,,
nz/north-shore-city-council,North Shore City Council,,,,,,,,,http://www.northshorecity.govt.nz/,NZ,,,,city_council,
nz/northtec,Northtec,,,,,,,,,http://www.northtec.ac.nz/,NZ,,,,,
nz/nzalb,New Zealand Artificial Limb Board,NZALB,,,,,,,,http://www.nzalb.govt.nz,NZ,,,,,
nz/nzcs,New Zealand Customs Service,NZCS,,,,,,,,http://www.customs.govt.nz,NZ,,,,,
nz/nzdf,New Zealand Defence Force,NZDF,,,,,,,,http://www.nzdf.mil.nz,NZ,,,,,
nz/nzfc,New Zealand Film Commission,NZFC,,,,,,,,http://www.nzfilm.co.nz/,NZ,,,,,
nz/nzfsa,New Zealand Food Safety Authority,NZFSA,,,,,,,,http://www.nzfsa.govt.nz,NZ,,,,defunct,
nz/nzhpt,New Zealand Historic Places Trust (Pouhere Taonga),NZHPT,,,,,,,,http://www.historic.org.nz,NZ,,,,,
nz/nz-on-air,NZ On Air,,,,,,,,,http://www.nzonair.govt.nz/,NZ,,,,,
nz/nzqa,New Zealand Qualifications Authority,NZQA,,,,,,,,http://www.nzqa.govt.nz/,NZ,,,,,
nz/nzsda,Drug Free Sport New Zealand,NZSDA,,,,,,,,http://www.drugfreesport.org.nz,NZ,,,,,
nz/nzsis,New Zealand Security Intelligence Service,NZSIS,,,,,,,,http://www.nzsis.govt.nz,NZ,,,,,
nz/nzso,New Zealand Symphony Orchestra,NZSO,,,,,,,,http://www.nzso.co.nz/,NZ,,,,,
nz/nzta,New Zealand Transport Agency,NZTA,,,,,,,,http://nzta.govt.nz,NZ,,,,,
nz/nzte,New Zealand Trade and Enterprise,NZTE,,,,,,,,http://www.nzte.govt.nz,NZ,,,,,
nz/occ,Children's Commissioner,OCC,,,,,,,,http://www.occ.org.nz/,NZ,,,,,
nz/office-of-film-and-literature-classification,Office of Film and Literature Classification,,,,,,,,,http://www.censorship.govt.nz,NZ,,,,,
nz/office-of-the-clerk-of-the-house-of-representatives,Office of the Clerk of the House of Representatives,,,,,,,,,http://www.parliament.nz/en-NZ/Admin/Agencies/OOC/,NZ,,,,,
nz/office-of-the-controller-and-auditor-general,Office of the Controller and Auditor-General,,,,,,,,,http://www.oag.govt.nz,NZ,,,,,
nz/office-of-the-ombudsmen,Office of the Ombudsmen,,,,,,,,,http://www.ombudsmen.parliament.nz,NZ,,,,,
nz/opotiki-district-council,Opotiki District Council,,,,,,,,,http://www.odc.govt.nz,NZ,,,,district_council,
nz/otago-district-health-board,Otago District Health Board,,,,,,,,,http://www.otagodhb.govt.nz/,NZ,,,,dhb,
nz/otago-fish-and-game-council,Otago Fish and Game Council,,,,,,,,,http://www.fishandgame.org.nz/Site/Regions/Otago/default.aspx,NZ,,,,,
nz/otago-polytechnic,Otago Polytechnic,,,,,,,,,http://www.otagopolytechnic.ac.nz,NZ,,,,,
nz/otago-regional-council,Otago Regional Council,,,,,,,,,http://www.orc.govt.nz/,NZ,,,,,
nz/otorohanga-district-council,Otorohanga District Council,,,,,,,,,http://www.otodc.govt.nz,NZ,,,,district_council,
nz/pacific-co-operation-foundation,Pacific Co-operation Foundation,,,,,,,,,http://www.pcf.org.nz/,NZ,,,,,
nz/pa-harakeke-teen-parent-unit,Pa Harakeke Teen Parent Unit,,,,,,,,,,NZ,,,,,
nz/palmerston-north-city-council,Palmerston North City Council,,,,,,,,,http://www.pncc.govt.nz,NZ,,,,city_council,
nz/papakura-district-council,Papakura District Council,,,,,,,,,http://www.papakura.govt.nz,NZ,,,,district_council,
nz/parliamentary-service,Parliamentary Service,,,,,,,,,http://www.parliament.nz/en-NZ/Admin/Agencies/PS/,NZ,,,,,
nz/pbt,Pacific Island Business Development Trust,PBT,,,,,,,,http://www.pacificbusiness.co.nz/,NZ,,,,,
nz/pce,Office of the Parliamentary Commissioner for the Environment,PCE,,,,,,,,http://www.pce.govt.nz/,NZ,,,,,
nz/pco,Parliamentary Counsel Office,PCO,,,,,,,,http://www.pco.parliament.govt.nz/,NZ,,,,,
nz/pharmac,Pharmaceutical Management Agency,PHARMAC,,,,,,,,http://www.pharmac.govt.nz,NZ,,,,,
nz/porirua-city-council,Porirua City Council,,,,,,,,,http://www.pcc.govt.nz/,NZ,,,,city_council,
nz/prime-minister,Prime Minister,,,,,,,,,http://www.ministers.govt.nz,NZ,,,,,
nz/privacy-commissioner,Privacy Commissioner,,,,,,,,,http://www.privacy.org.nz,NZ,,,,,
nz/public-sector,Reserves Boards,Public Sector,,,,,,,,,NZ,,,,,
nz/public-trust,Public Trust,,,,,,,,,http://www.publictrust.co.nz,NZ,,,,,
nz/queenstown-lakes-district-council,Queenstown-Lakes District Council,,,,,,,,,http://www.qldc.govt.nz,NZ,,,,district_council,
nz/qvnz,Quotable Value Limited,QVNZ,,,,,,,,http://www.qv.co.nz/,NZ,,,,,
nz/rangitikei-district-council,Rangitikei District Council,,,,,,,,,http://www.rangitikei.govt.nz,NZ,,,,district_council,
nz/rbnz,Reserve Bank of New Zealand,RBNZ,,,,,,,,http://www.rbnz.govt.nz,NZ,,,,,
nz/reaa,Real Estate Agents Authority,REAA,,,,,,,,http://www.reaa.govt.nz,NZ,,,,,
nz/reannz,Research and Education Advanced Network New Zealand Limited,REANNZ,,,,,,,,http://www.reannz.co.nz,NZ,,,,,
nz/red-bus-ltd,Red Bus Ltd,,,,,,,,,http://www.redbus.co.nz,NZ,,,,,
nz/retirement-commissioner,Retirement Commissioner,,,,,,,,,http://www.retirement.org.nz,NZ,,,,,
nz/riccarton-bush-trustees,Riccarton Bush Trustees,,,,,,,,,http://www.riccartonhouse.co.nz,NZ,,,,,
nz/rnz,Radio New Zealand Limited,RNZ,,,,,,,,http://www.radionz.co.nz/,NZ,,,,,
nz/road-safety-trust,Road Safety Trust,,,,,,,,,http://www.roadsafety.govt.nz,NZ,,,,,
nz/rodney-district-council,Rodney District Council,,,,,,,,,http://www.rodney.govt.nz,NZ,,,,district_council,
nz/rotorua-district-council,Rotorua District Council,,,,,,,,,http://www.rdc.govt.nz/,NZ,,,,district_council,
nz/ruapehu-district-council,Ruapehu District Council,,,,,,,,,http://www.ruapehudc.govt.nz,NZ,,,,district_council,
nz/securities-commission,Securities Commission,,,,,,,,,http://www.sec-com.govt.nz/,NZ,,,,,
nz/selwyn-district-council,Selwyn District Council,,,,,,,,,http://www.selwyn.govt.nz/,NZ,,,,district_council,
nz/selwyn-plantation-board-ltd,Selwyn Plantation Board Ltd,,,,,,,,,http://www.spbl.co.nz,NZ,,,,,
nz/sfo,Serious Fraud Office,SFO,,,,,,,,http://sfo.govt.nz/,NZ,,,,,
nz/social-workers-registration-board,Social Workers Registration Board,,,,,,,,,http://www.swrb.org.nz,NZ,,,,,
nz/solid-energy-new-zealand-limited,Solid Energy New Zealand Limited,,,,,,,,,http://www.solidenergy.co.nz/,NZ,,,,,
nz/south-canterbury-district-health-board,South Canterbury District Health Board,,,,,,,,,http://www.scdhb.co.nz,NZ,,,,dhb,
nz/southern-institute-of-technology,Southern Institute of Technology,,,,,,,,,http://www.sit.ac.nz,NZ,,,,,
nz/southland-district-council,Southland District Council,,,,,,,,,http://www.southlanddc.govt.nz,NZ,,,,district_council,
nz/southland-district-health-board,Southland District Health Board,,,,,,,,,http://www.southlandhealth.co.nz,NZ,,,,dhb,
nz/southland-fish-and-game-council,Southland Fish and Game Council,,,,,,,,,http://www.fishandgame.org.nz/Site/Regions/Southland/default.aspx,NZ,,,,,
nz/southland-regional-council,Southland Regional Council,,,,,,,,,http://www.es.govt.nz,NZ,,,,,
nz/south-taranaki-district-council,South Taranaki District Council,,,,,,,,,http://www.stdc.co.nz/,NZ,,,,district_council,
nz/south-waikato-district-council,South Waikato District Council,,,,,,,,,http://www.swktodc.govt.nz,NZ,,,,district_council,
nz/south-wairarapa-district-council,South Wairarapa District Council,,,,,,,,,http://www.swdc.govt.nz/,NZ,,,,district_council,
nz/sparc,Sport and Recreation New Zealand,SPARC,,,,,,,,http://www.sparc.org.nz,NZ,,,,,
nz/ssc,State Services Commission,SSC,,,,,,,,http://www.ssc.govt.nz,NZ,,,,,
nz/standards-council,Standards Council,,,,,,,,,http://www.standards.co.nz/,NZ,,,,,
nz/statistics-new-zealand,Statistics New Zealand,,,,,,,,,http://www.stats.govt.nz,NZ,,,,,
nz/st-patricks-catholic-sch-te-awamutu,St Patrick's Catholic Sch (Te Awamutu),,,,,,,,,http://www.stpatta.co.nz,NZ,,,,,
nz/st-peter-chanel-catholic-sch-te-rapa,St Peter Chanel Catholic Sch (Te Rapa),,,,,,,,,http://www.spc.ac.nz,NZ,,,,,
nz/stratford-district-council,Stratford District Council,,,,,,,,,http://www.stratford.govt.nz,NZ,,,,district_council,
nz/taic,Transport Accident Investigation Commission,TAIC,,,,,,,,http://www.taic.org.nz,NZ,,,,,
nz/tai-poutini-polytechnic,Tai Poutini Polytechnic,,,,,,,,,http://www.taipoutini.ac.nz/taipoutini/,NZ,,,,,
nz/tairawhiti-district-health-board,Tairawhiti District Health Board,,,,,,,,,http://www.tdh.org.nz,NZ,,,,dhb,
nz/tairawhiti-polytechnic,Tairawhiti Polytechnic,,,,,,,,,http://www.tairawhiti.ac.nz/,NZ,,,,,
nz/tai-wananga,Tai Wananga,,,,,,,,,http://www.taiwananga.co.nz,NZ,,,,,
nz/takeovers-panel,Takeovers Panel,,,,,,,,,http://www.takeovers.govt.nz,NZ,,,,,
nz/taranaki-district-health-board,Taranaki District Health Board,,,,,,,,,http://www.tdhb.org.nz,NZ,,,,dhb,
nz/taranaki-fish-and-game-council,Taranaki Fish and Game Council,,,,,,,,,http://www.fishandgame.org.nz/Site/Regions/TaranakiWgtn/default.aspx,NZ,,,,,
nz/taranaki-regional-council,Taranaki Regional Council,,,,,,,,,http://www.trc.govt.nz,NZ,,,,,
nz/tararua-district-council,Tararua District Council,,,,,,,,,http://www.tararuadc.govt.nz,NZ,,,,district_council,
nz/tasman-district-council,Tasman District Council,,,,,,,,,http://www.tasman.govt.nz/,NZ,,,,district_council,
nz/taupo-district-council,Taupo District Council,,,,,,,,,http://www.taupo.govt.nz/,NZ,,,,district_council,
nz/tauranga-city-council,Tauranga City Council,,,,,,,,,http://www.tauranga.govt.nz/,NZ,,,,city_council,
nz/tec,Tertiary Education Commission,TEC,,,,,,,,http://www.tec.govt.nz,NZ,,,,,
nz/te-kkm-o-puau-te-moananui-a-kiwa,Te KKM o Puau Te Moananui-a-Kiwa,,,,,,,,,,NZ,,,,,
nz/te-kura-akonga-o-manurewa,Te Kura Akonga O Manurewa,,,,,,,,,http://www.xtra.co.nz,NZ,,,,,
nz/te-kura-mana-maori-maraenui,Te Kura Mana Maori Maraenui,,,,,,,,,http://www.kura.org.nz,NZ,,,,,
nz/te-kura-mana-maori-o-whangaparaoa,Te Kura Mana Maori o Whangaparaoa,,,,,,,,,http://www.xtra.co.nz,NZ,,,,,
nz/te-kura-o-hata-maria-pawarenga,Te Kura o Hata Maria (Pawarenga),,,,,,,,,http://www.xtra.co.nz,NZ,,,,,
nz/te-kura-o-hato-hohepa-te-kamura,Te Kura o Hato Hohepa Te Kamura,,,,,,,,,http://www.xtra.co.nz,NZ,,,,,
nz/te-kura-o-hirangi,Te Kura o Hirangi,,,,,,,,,http://www.reap.org.nz,NZ,,,,,
nz/te-kura-o-nga-iwi-e-toru-ki-taumarunui,Te Kura o Nga Iwi e Toru ki Taumarunui,,,,,,,,,http://www.xtra.co.nz,NZ,,,,,
nz/te-kura-o-nga-ruahine-rangi,Te Kura o Nga Ruahine Rangi,,,,,,,,,http://www.xtra.co.nz,NZ,,,,,
nz/te-kura-o-ratana,Te Kura o Ratana,,,,,,,,,http://www.xtra.co.nz,NZ,,,,,
nz/te-kura-o-tahaaroa,Te Kura o Tahaaroa,,,,,,,,,http://www.xtra.co.nz,NZ,,,,,
nz/te-kura-o-te-moutere-o-matakana,Te Kura o Te Moutere O Matakana,,,,,,,,,,NZ,,,,,
nz/te-kura-o-waikare,Te Kura o Waikare,,,,,,,,,http://www.xtra.co.nz,NZ,,,,,
nz/te-kura-o-waitahanui,Te Kura o Waitahanui,,,,,,,,,,NZ,,,,,
nz/te-kura-toitu-o-te-whaiti-nui-a-toi,Te Kura Toitu o Te Whaiti-nui-a-Toi,,,,,,,,,http://www.tuhoe.com,NZ,,,,,
nz/telford-rural-polytechnic,Telford Rural Polytechnic,,,,,,,,,http://www.telford.ac.nz/,NZ,,,,,
nz/testing-laboratory-registration-council,Testing Laboratory Registration Council,,,,,,,,,http://www.telarcsai.co.nz/,NZ,,,,,
nz/te-taura-whiri-i-te-reo-mori-mori-language-commission,Te Taura Whiri i Te Reo Māori (Māori Language Commission),,,,,,,,,http://www.tetaurawhiri.govt.nz,NZ,,,,,
nz/te-whakatipuranga-otumoetai-tpu,Te Whakatipuranga (Otumoetai TPU),,,,,,,,,http://www.boppoly.ac.nz,NZ,,,,,
nz/te-wharekura-o-arowhenua,Te Wharekura o Arowhenua,,,,,,,,,http://www.wharekura.ac.nz,NZ,,,,,
nz/te-wharekura-o-maniapoto,Te Wharekura o Maniapoto,,,,,,,,,http://www.xtra.co.nz,NZ,,,,,
nz/te-wharekura-o-manurewa,Te Wharekura o Manurewa,,,,,,,,,http://www.xtra.co.nz,NZ,,,,,
nz/te-wharekura-o-te-rau-aroha,Te Wharekura o Te Rau Aroha,,,,,,,,,http://www.xtra.co.nz,NZ,,,,,
nz/te-whare-whai-hua-teenage-parent-centre,Te Whare Whai Hua Teenage Parent Centre,,,,,,,,,http://www.lyttonhigh.net,NZ,,,,,
nz/te-whare-wnanga-o-awanuirangi,Te Whare Wānanga o Awanuiārangi,,,,,,,,,http://www.wananga.ac.nz,NZ,,,,,
nz/te-whata-tau-o-putauaki,Te Whata Tau o Putauaki,,,,,,,,,,NZ,,,,,
nz/te-wnanga-o-aotearoa,Te Wānanga o Aotearoa,,,,,,,,,http://www.twoa.ac.nz/,NZ,,,,,
nz/te-wnanga-o-raukawa,Te Wānanga o Raukawa,,,,,,,,,http://www.twor.ac.nz,NZ,,,,,
nz/thames-coromandel-district-council,Thames-Coromandel District Council,,,,,,,,,http://www.tcdc.govt.nz,NZ,,,,district_council,
nz/the-bridge-academy,The Bridge Academy,,,,,,,,,http://www.thebridgeacademy.co.nz,NZ,,,,,
nz/the-new-zealand-institute-for-plant-and-food-research-limited,The New Zealand Institute for Plant and Food Research Limited,,,,,,,,,http://www.plantandfood.com/,NZ,,,,,
nz/the-treasury,The Treasury,,,,,,,,,http://www.treasury.govt.nz,NZ,,,,popular_agency,
nz/timaru-district-council,Timaru District Council,,,,,,,,,http://www.timaru.govt.nz,NZ,,,,district_council,
nz/timberlands-west-coast-limited,Timberlands West Coast Limited,,,,,,,,,http://www.timberlands.co.nz/,NZ,,,,,
nz/tkkm-o-harataunga,TKKM o Harataunga,,,,,,,,,,NZ,,,,,
nz/tkkm-o-hurungaterangi,TKKM o Hurungaterangi,,,,,,,,,http://www.xtra.co.nz,NZ,,,,,
nz/tkkm-o-kaikohe,TKKM o Kaikohe,,,,,,,,,http://www.kurakaikohe.co.nz,NZ,,,,,
nz/tkkm-o-kawakawa-mai-tawhiti,TKKM o Kawakawa mai Tawhiti,,,,,,,,,http://www.xtra.co.nz,NZ,,,,,
nz/tkkm-o-manawatu,TKKM o Manawatu,,,,,,,,,,NZ,,,,,
nz/tkkm-o-mangere,TKKM o Mangere,,,,,,,,,,NZ,,,,,
nz/tkkm-o-nga-maungarongo,TKKM o Nga Maungarongo,,,,,,,,,http://www.xtra.co.nz,NZ,,,,,
nz/tkkm-o-ngaringaomatariki,TKKM o Ngaringaomatariki,,,,,,,,,http://www.bigfrog.co.nz,NZ,,,,,
nz/tkkm-o-ngati-kahungunu-ki-heretaunga,TKKM o Ngati Kahungunu Ki Heretaunga,,,,,,,,,http://www.xtra.co.nz,NZ,,,,,
nz/tkkm-o-ngati-ruanui,TKKM o Ngati Ruanui,,,,,,,,,http://www.xtra.co.nz,NZ,,,,,
nz/tkkm-o-tapere-nui-a-whatonga,TKKM o Tapere-Nui-A-Whatonga,,,,,,,,,http://www.clear.net.nz,NZ,,,,,
nz/tkkm-o-te-ara-hou,TKKM o Te Ara Hou,,,,,,,,,,NZ,,,,,
nz/tkkm-o-te-ara-rima,TKKM o Te Ara Rima,,,,,,,,,,NZ,,,,,
nz/tkkm-o-te-hiringa,TKKM o Te Hiringa,,,,,,,,,,NZ,,,,,
nz/tkkm-o-te-kotuku,TKKM o Te Kotuku,,,,,,,,,,NZ,,,,,
nz/tkkm-o-te-koutu,TKKM o Te Koutu,,,,,,,,,http://www.tekoutu.com/,NZ,,,,,
nz/tkkm-o-te-kura-kokiri,TKKM o Te Kura Kokiri,,,,,,,,,http://wwwkurakokiri.maori.nz,NZ,,,,,
nz/tkkm-o-te-rawhiti-roa,TKKM o Te Rawhiti Roa,,,,,,,,,,NZ,,,,,
nz/tkkm-o-te-rito,TKKM o Te Rito,,,,,,,,,,NZ,,,,,
nz/tkkm-o-te-tonga-o-hokianga,TKKM o Te Tonga o Hokianga,,,,,,,,,http://www.kurahokianga.co.nz,NZ,,,,,
nz/tkkm-o-te-waiu-o-ngati-porou,TKKM o Te Waiu o Ngati Porou,,,,,,,,,http://www.xtra.co.nz,NZ,,,,,
nz/tkkm-o-tupoho,TKKM o Tupoho,,,,,,,,,http://www.xtra.co.nz,NZ,,,,,
nz/tkkm-o-waioweka,TKKM o Waioweka,,,,,,,,,http://www.ihug.co.nz,NZ,,,,,
nz/tkkm-o-wairarapa,TKKM o Wairarapa,,,,,,,,,,NZ,,,,,
nz/tkkm-o-waitaha,TKKM o Waitaha,,,,,,,,,http://www.whakapumau.ac.nz,NZ,,,,,
nz/tkkm-o-waiuku,TKKM o Waiuku,,,,,,,,,http://www.ps.gen.nz,NZ,,,,,
nz/tkkm-o-whakawatea,TKKM o Whakawatea,,,,,,,,,http://www.xtra.co.nz,NZ,,,,,
nz/tkkm-o-whangaroa,TKKM o Whangaroa,,,,,,,,,http://www.whangaroakkm.co.nz,NZ,,,,,
nz/tkk-o-te-wananga-whare-tapere-o-takitimu,TKK o Te Wananga Whare Tapere o Takitimu,,,,,,,,,http://www.xtra.co.nz,NZ,,,,,
nz/tmp,Te Reo Whakapuaki Irirangi (Maori Broadcasting Funding Agency),TMP,,,,,,,,http://www.tmp.govt.nz/,NZ,,,,,
nz/topnz,Open Polytechnic of New Zealand,TOPNZ,,,,,,,,http://www.openpolytechnic.ac.nz,NZ,,,,,
nz/tpk,Ministry of Māori Development,TPK,,,,,,,,http://www.tpk.govt.nz,NZ,,,,ministry,
nz/transpower-new-zealand-limited,Transpower New Zealand Limited,,,,,,,,,http://www.transpower.co.nz/,NZ,,,,,
nz/transwaste-canterbury-ltd,Transwaste Canterbury Ltd,,,,,,,,,http://www.cws.co.nz,NZ,,,,,
nz/tuam-ltd,Tuam Ltd,,,,,,,,,http://www.ccc.govt.nz,NZ,,,,,
nz/tvnz,Television New Zealand Limited,TVNZ,,,,,,,,http://www.tvnz.co.nz/,NZ,,,,,
nz/unitec-institute-of-technology,Unitec Institute of Technology,,,,,,,,,http://www.unitec.ac.nz,NZ,,,,,
nz/university-of-auckland,University of Auckland,,,,,,,,,http://www.auckland.ac.nz,NZ,,,,university,
nz/university-of-canterbury,University of Canterbury,,,,,,,,,http://www.canterbury.ac.nz,NZ,,,,university,
nz/university-of-otago,University of Otago,,,,,,,,,http://www.otago.ac.nz,NZ,,,,university,
nz/university-of-waikato,University of Waikato,,,,,,,,,http://www.waikato.ac.nz/,NZ,,,,university,
nz/upper-hutt-city-council,Upper Hutt City Council,,,,,,,,,http://www.upperhuttcity.com,NZ,,,,city_council,
nz/v-base-ltd,V Base Ltd,,,,,,,,,http://www.ccc.govt.nz,NZ,,,,,
nz/vif,New Zealand Venture Investment Fund Limited,VIF,,,,,,,,http://www.nzvif.com/,NZ,,,,,
nz/vuw,Victoria University of Wellington,VUW,,,,,,,,http://www.vuw.ac.nz/,NZ,,,,university,
nz/waiariki-institute-of-technology,Waiariki Institute of Technology,,,,,,,,,http://www.waiariki.ac.nz,NZ,,,,,
nz/waikato-district-council,Waikato District Council,,,,,,,,,http://www.waikatodistrict.govt.nz,NZ,,,,district_council,
nz/waikato-district-health-board,Waikato District Health Board,,,,,,,,,http://www.waikatodhb.govt.nz/,NZ,,,,dhb,
nz/waikato-institute-of-technology,Waikato Institute of Technology,,,,,,,,,http://www.wintec.ac.nz,NZ,,,,,
nz/waikato-regional-council,Waikato Regional Council,,,,,,,,,http://www.ew.govt.nz,NZ,,,,,
nz/waimakariri-district-council,Waimakariri District Council,,,,,,,,,http://www.waimakariri.govt.nz,NZ,,,,district_council,
nz/waimate-district-council,Waimate District Council,,,,,,,,,http://www.waimatedc.govt.nz,NZ,,,,district_council,
nz/waipa-district-council,Waipa District Council,,,,,,,,,http://www.waipadc.govt.nz,NZ,,,,district_council,
nz/wairarapa-district-health-board,Wairarapa District Health Board,,,,,,,,,http://www.wairarapa.dhb.org.nz,NZ,,,,dhb,
nz/wairoa-district-council,Wairoa District Council,,,,,,,,,http://www.wairoadc.govt.nz/,NZ,,,,district_council,
nz/waitakere-city-council,Waitakere City Council,,,,,,,,,http://www.waitakere.govt.nz/,NZ,,,,city_council,
nz/waitaki-district-council,Waitaki District Council,,,,,,,,,http://www.waitaki.govt.nz,NZ,,,,district_council,
nz/waitemata-district-health-board,Waitemata District Health Board,,,,,,,,,http://www.waitematadhb.govt.nz,NZ,,,,dhb,
nz/waitomo-district-council,Waitomo District Council,,,,,,,,,http://www.waitomo.govt.nz/,NZ,,,,district_council,
nz/wanganui-district-council,Wanganui District Council,,,,,,,,,http://www.wanganui.govt.nz/,NZ,,,,district_council,
nz/wellington-city-council,Wellington City Council,,,,,,,,,http://www.Wellington.govt.nz/,NZ,,,,city_council,
nz/wellington-fish-and-game-council,Wellington Fish and Game Council,,,,,,,,,http://www.fishandgame.org.nz/Site/Regions/Wellington/default.aspx,NZ,,,,,
nz/wellington-institute-of-technology,Wellington Institute of Technology,,,,,,,,,http://www.weltec.ac.nz,NZ,,,,,
nz/wellington-regional-council,Wellington Regional Council,,,,,,,,,http://www.gw.govt.nz,NZ,,,,,
nz/west-coast-district-health-board,West Coast District Health Board,,,,,,,,,http://www.westcoastdhb.org.nz/,NZ,,,,dhb,
nz/west-coast-fish-and-game-council,West Coast Fish and Game Council,,,,,,,,,http://www.fishandgame.org.nz/Site/Regions/WestCoast/default.aspx,NZ,,,,,
nz/west-coast-regional-council,West Coast Regional Council,,,,,,,,,http://www.wcrc.govt.nz,NZ,,,,,
nz/western-bay-of-plenty-district-council,Western Bay of Plenty District Council,,,,,,,,,http://www.wbopdc.govt.nz,NZ,,,,district_council,
nz/western-institute-of-technology-at-taranaki,Western Institute of Technology at Taranaki,,,,,,,,,http://www.witt.ac.nz,NZ,,,,,
nz/westland-district-council,Westland District Council,,,,,,,,,http://www.westlanddc.govt.nz,NZ,,,,district_council,
nz/whakatane-district-council,Whakatane District Council,,,,,,,,,http://www.whakatane.govt.nz/,NZ,,,,district_council,
nz/whakatipuria-teen-parent-unit,Whakatipuria Teen Parent Unit,,,,,,,,,http://www.freyberg.ac.nz,NZ,,,,,
nz/whanganui-district-health-board,Whanganui District Health Board,,,,,,,,,http://www.wdhb.org.nz,NZ,,,,dhb,
nz/whangarei-district-council,Whangarei District Council,,,,,,,,,http://www.wdc.govt.nz,NZ,,,,district_council,
nz/whitireia-community-polytechnic,Whitireia Community Polytechnic,,,,,,,,,http://www.whitireia.ac.nz,NZ,,,,,
nz/world-buskers-festival-trust,World Buskers Festival Trust,,,,,,,,,http://www.worldbuskersfestival.com,NZ,,,,,
